"","INDIC.C.10","B_SEPSIS.C.7","B_PNEUM.C.7","B_HIVAIDS.C.7","B_DIARR.C.7","B_MALAR.C.7","B_MEAS.C.7","B_MENING.C.7","B_TETAN.C.7","B_TB_PUL.C.7","B_PERTUS.C.7","B_HEMFEV.C.7","B_INF_OU.C.7","B_ORAL_M.C.7","B_DIG_M.C.7","B_RESP_M.C.7","B_BREA_M.C.7","B_REPR_M.C.7","B_OU_M.C.7","B_ANAEM.C.7","B_MALNUT.C.7","B_DIABET.C.7","B_CARD_AC.C.7","B_SICKLE.C.7","B_STROKE.C.7","B_CARD_OU.C.7","B_COPD.C.7","B_ASTHM.C.7","B_AC_ABD.C.7","B_LIVER.C.7","B_KIDNEY.C.7","B_EPILEP.C.7","B_NCD_OU.C.7","B_CONGEN.C.7","B_P_SML.C.7","B_P_ASPH.C.7","B_P_PNEU.C.7","B_P_SEPS.C.7","B_P_OU.C.7","B_STB_F.C.7","B_STB_M.C.7","B_ACC_TRF.C.7","B_ACC_TRO.C.7","B_FALL.C.7","B_DROWN.C.7","B_FIRE.C.7","B_VENOM.C.7","B_FORCE.C.7","B_POIS.C.7","B_SUIC.C.7","B_ASSAULT.C.7","B_EXT_OU.C.7","B_ECTOP.C.7","B_ABORT.C.7","B_PIH.C.7","B_HAEM.C.7","B_OBS_LB.C.7","B_O_SEPS.C.7","B_PANAEM.C.7","B_UT_RUP.C.7","B_MAT_OU.C.7"
"1","expected","C+","C+","E","C","E","D-","C","D","B-","D","E","D","C","C","C","C","C","C","C","C+","B-","B+","E","B+","B+","B-","C","B-","C","C+","B-","C","C+","C+","B-","C","C","B+","C","C-","B","C","C+","C+","C+","C+","C","C+","B","B","B","D","C-","C-","C-","D","D","D","E","C"
"2","elder","A-","A-","C+","B","B+","D+","B+","B-","A-","N","D","A-","A-","A","A","A-","A+","A","A-","B+","A","A","C-","A","A+","A+","A-","A","A-","A","A-","A","N","N","N","N","N","N","N","N","B+","A-","A-","B","A-","A-","A-","B+","B+","B","A-","N","N","N","N","N","N","N","N","N"
"3","midage","B+","B+","A-","B","B","D+","B+","B-","A-","D-","C","A-","B-","A","A-","B-","A-","A-","B-","B","A-","A-","C-","A-","A-","A-","A-","A-","B","A-","A-","A-","N","N","N","N","N","N","N","N","A-","B-","B-","B+","B-","B-","B-","B+","A-","A-","A-","N","N","N","N","N","N","N","N","N"
"4","adult","B","B","A","B","B","D+","A-","B","A","D","B+","A-","B","B","B","B","B","A-","B","B","B+","B","B-","B","B","C+","A-","A-","B","B+","A-","A-","C","N","N","N","N","N","N","N","A","B","B","A","B","B","B","A","A","A+","A","A+","A+","A+","A+","A+","A+","A+","A+","A+"
"5","child","B","B","B","C","B+","A-","B","B+","B-","D","A","A-","N","N","N","N","N","D","C+","B+","B-","D+","A-","C","C","D-","B","B","C+","B-","A-","C+","B-","N","N","N","N","N","N","N","B+","C+","C+","A-","C+","C+","C+","B","B-","B-","B+","C","C","C","C","C","C-","D","D","D"
"6","under5","B+","B+","B+","A","A","A","B+","B+","C","A+","B+","B","N","N","N","N","N","D","B+","A","B-","D","A","D","D+","N","B-","B","C+","B-","B-","D","B+","N","N","N","N","N","N","N","B-","B","B","B+","B","B","B","B-","N","C+","B","N","N","N","N","N","N","N","N","N"
"7","infant","A-","A-","C+","A","B+","A","B+","A-","D-","B+","D","B-","N","N","N","N","N","D","D","B","C-","D-","A-","D","D","N","D-","B-","C-","C+","B-","D","A","N","N","N","N","N","N","N","C+","D","C","C+","B-","B-","C","C+","N","C-","C+","N","N","N","N","N","N","N","N","N"
"8","neonate","N","N","N","B-","D","B-","B+","A","N","N","N","C+","N","N","N","N","N","N","N","D","C-","D-","D","N","D","N","N","C+","N","N","B-","N","A","I","I","I","I","I","I","I","D+","D+","B-","C-","B-","B-","C","C","N","D-","C","N","N","N","N","N","N","N","N","N"
"9","male","A","A","A","A","A","A","A","A","A+","A","A","A","A+","A+","A+","N","A-","A","A","A","A","A+","A","A","A","A+","A","A","A+","A","A","A","A","A","A","A","A","A","A","A","A+","A+","A","A+","A","A","A","A","A","A+","A","N","N","N","N","N","N","N","N","N"
"10","female","A","A","A","A","A","A","A","A","A-","A","A","A","A","A","A-","I","A+","A","A","A","A","A","A","A","A","A","A","A","A-","A","A","A","A","A","A","A","A","A","A","A","A-","A-","A","A-","A","A","A","A","A","A-","A","I","I","I","I","I","I","I","I","I"
"11","magegp1","D","D","D","D","C-","C-","C","D","D","D","D","C","C","C","C","C","C","D","D","D","D","D","C","D","C","D","C","C","D","D","C","C","N","N","N","N","N","N","N","N","C","C","C","C","C","C","C","C","C","C","D","A-","A+","A-","A-","A","A","A-","A-","A-"
"12","magegp2","C","C","C+","C","C+","C-","C","C","C","C-","C","C","C","C","C","B","C","D","C","C","C","C","C","C","C","C","C","C","C","C","C","C","N","N","N","N","N","N","N","N","C","C","C","C","C","C","C","C","C","C","D","A","A-","A-","A","A-","A","A","A-","A-"
"13","magegp3","C","C","C+","C","C","C-","C","C","C+","C-","C","D","B","B-","B-","A","B-","D","C","C","C","B","C","B","B","C","C","C","B","B","C","B","N","N","N","N","N","N","N","N","C","C","C","C","C","C","C","C","C","C","D","B+","A-","A-","A-","A-","A-","A","A","A-"
"14","died_d1","D","D","N","D","N","N","E","E","N","N","N","E","N","N","N","N","N","N","E","E","E","E","E","E","E","N","E","E","E","E","E","E","C","C","C","E","E","C","N","N","D","D","D","D","D","D","D","D","N","D","D","N","N","N","N","N","N","N","N","N"
"15","died_d23","D","D","N","C","N","N","E","E","N","N","N","E","N","N","N","N","N","N","E","E","E","E","E","E","E","N","E","E","E","E","E","E","C","C","C","D","D","C","N","N","D","D","D","D","D","D","D","D","N","D","D","N","N","N","N","N","N","N","N","N"
"16","died_d36","C","C","N","C","N","N","C","C","N","N","D","C","N","N","N","N","N","N","D","C","D","D","D","D","D","N","D","D","D","D","D","D","C","C","D","A","A","C","N","N","D","D","D","D","D","D","D","D","N","D","D","N","N","N","N","N","N","N","N","N"
"17","died_w1","D","D","N","C","N","N","C+","D","N","N","C","C","N","N","N","N","N","N","D","C","D","D","D","D","D","N","D","D","D","D","D","D","C","C","D","B","B","C","N","N","D","D","D","D","D","D","D","N","N","D","D","N","N","N","N","N","N","N","N","N"
"18","acute","A","A","C","A","A+","A","A+","A","D","B-","A+","A+","D","D","D","D","D","D","D","D","A-","A+","C","A","B","D","A+","A-","A-","A-","A","D","A-","A+","A+","A+","A+","A+","I","I","A+","A+","A+","A+","A+","A+","A+","A+","A+","A+","A+","A+","A","A+","A+","A+","A","A-","A+","A"
"19","chronic","B","B","A+","B+","E","B+","E","C","A","A+","C","C","A+","A+","A+","A+","A+","A+","A","A","A","C","A","B","A","A+","A-","A-","A","A","A","A+","A-","D","N","D","D","C","N","N","C","C","C","D","C","C","C","C","C","C-","C","C","B","C","C","D","B","B","D","A-"
"20","sudden","B","B","C+","C","B","B-","A-","C","C","N","B","B","D","D","D","D","D","D","B","C-","C","A+","C","A+","A","D","A","A","C","C","A+","B","B","A","A","B","B","A","I","I","A+","A+","A+","A+","A+","A","A","A-","A-","A+","A+","A","A","A+","A+","A","A-","A-","A","A"
"21","wet_seas","A-","A-","A","A-","A+","A-","B","A-","A-","A","A-","A-","A","A","A","A","A","A","A-","A","A-","A-","A","A-","A-","A","A","A-","A-","A-","A-","A-","A-","A","A","A-","A-","A","A","A","A","A","A","A","A","A","A","A","A","A","A","A","A","A","A","A","A","A","A","A"
"22","dry_seas","A","A","A","A","B","A","A","A","A","A","A","A","A","A","A","A","A","A","A","A-","A","A","A","A","A","A","A","A","A","A","A","A","A","A","A","A","A","A","A","A","A-","A","A","A-","A","A","A","A","A","A","A","A","A","A","A","A","A","A","A","A"
"23","heart_dis","D","D","E","C","D","D","D","D","D","D","D","D-","D-","D-","D-","D-","D-","D-","C+","D","B","A+","D","C","A+","C+","C+","C+","C+","C+","C+","C+","B","C","C","C","C","N","N","N","D","D","D","D","D","D","D","D","D","D","D","C","C","C","C","C","C","B","C","C"
"24","tuber","D","D","E","D","D","D","D","D","A+","D","D","D-","D","D","E","D","D","D","C","D","C","C","D","C","D","D","D","C","C","C","C","C","D","D","N","D","D","N","N","N","D","D","D","D","D","D","D","D","D","D","D","C","C","C","C","C","C","C","C","C"
"25","hiv_aids","B","A","A+","C","D","C","C","C","C","C","C","D-","B","C","C","C","B","B","B","D","B","B","D","C","D","C","B","B","B","B","B","C","D","D","D","D","D","N","N","N","C","D","D","C","D","D","D","C","B+","C","C","B","B","B","B","B","B-","B","B","C"
"26","hypert","C","C","D","D","D","D","D","D","D","D","C","D-","D-","D-","D-","D-","D-","D-","B","C","B","A-","D","A+","A","C","B","B","B","B","B","C","D","D","D","D","D","N","N","N","B","B","B","B","B","B","B","B","B","B","B","C","C","A+","C","C","C","C","C","C"
"27","diabetes","C","C","D","C","C","C","C","C+","D","D-","D","D-","D-","D-","D-","D-","D-","D-","C","D","I","B-","D","C","C","C","C","C","C","C+","C","C","D","D","D","D","D","N","N","N","D","D","D","D","D","D","D","D","D","D","D","C","C","C","C","C","C","C","C","C"
"28","asthma","D","C","D","D","D","C+","D","D","C","D","D","D-","E","E","E","E","E","E","C+","D","C+","C+","D","C+","D","D","I","C+","C+","C+","C+","C+","D","D","D","D","D","N","N","N","D","D","D","D","D","D","D","D","D","D","D","C","C","C","C","C","C","C","C","C"
"29","epilepsy","D","D","D","D","D","D","D","D","D","D","D","D-","D","D","D","D","D","C","C-","D","C-","C-","D","C-","D","C-","C-","C-","C-","C-","I","C-","C","C","D","D","D","D","N","N","D","D","C","D","C","D","D","D","D","D","D","C","C","C","C","C","C","C","C","C"
"30","cancer","D","D","D","D","D","D","D","D","E","D","D","D-","I","I","I","I","I","I","C","D","D","D","D","D","D","D","D","D","D","D","D","D","D","N","N","N","N","N","N","N","D","D","D","D","D","D","D","D","C","D","D","D","D","D","D","D","D","D","D","C"
"31","copd","D","D","D","D","D","D","D","D","D","D","D","D-","E","E","E","E","E","E","C-","D","D","D","D","D","D","A+","B-","C-","C-","C-","C-","C-","N","N","N","N","N","N","N","N","D","D","D","D","D","D","D","D","D","D","D","D","D","D","D","D","D","D","D","C"
"32","dement","D","D","D","D","D","D","D","D","D","D","D","D","C","C","C","C","C","C","C","C","C","C","C","C","C","C","C","C","C","C","C","C","C","N","N","N","N","N","N","N","C","C","C","C","C","C","C","C","B","C","C","C","C","C","C","C","C","C","C","C"
"33","depress","D","D","D","D","D","D","D","D","D","D","D","D","C","C","C","C","C","C","C","C","C","C","C","C","C","C","C","C","C","C","C","C","C","N","N","N","N","N","N","N","B","B","B","B","B","C","C","B","A","C","C","C","C","C","C","C","C","C","C","C"
"34","stroke","C+","C+","D","D","D","D","D","D","D","D","D","D-","D-","D-","D-","D-","D-","D-","C+","D","C+","C+","B","I","D","C+","C+","C+","C+","C+","C-","C-","C+","D","D","D","D","N","N","N","D","D","D","D","D","D","D","D","D","D","D","D","D","B","D","D","D","D","D","C"
"35","sickle","C-","C-","D","C-","D","C-","C-","D","D","D-","D","D-","D","D","D","D","D","D","C-","D","C-","C-","A+","C+","D","C-","C-","C-","C-","C-","C-","C-","D","D","D","D","D","N","N","N","D","D","D","D","D","D","D","D","D","D","D","C","C","C","C","C","C","C","C","C"
"36","kidney_dis","D","D","D","D","D","D","D","D","D","D-","D","D-","D","D","D","D","D","D","C-","D","C","C-","D","C","D","C-","C-","C-","C-","I","C-","C-","D","D","D","D","D","N","N","N","D","D","D","D","D","D","D","D","D","D","D","C","C","C","C","C","C","C","C","C"
"37","liver_dis","D","D","D","D","D","D","D","D","D","D","D","D-","D","B","D","D","D","C","C-","C-","C-","C-","C+","C-","D","C-","C-","C-","I","C-","C-","C-","D","D","D","D","D","N","N","N","D","D","D","D","D","D","D","C-","D","D","C","C","C","C","C","C","C","C","C","C"
"38","measles","B+","B+","D","B+","D","A+","D","D","D","D","D","D-","D","D","D","D","D","D","C-","C","C-","D","D","D","D","C-","C-","C-","C-","C-","C-","C-","D","N","N","N","N","N","N","N","D","D","D","D","D","D","D","D","D","D","D","D","D","D","D","D","D","D","D","D"
"39","men_con","D","D","D","D","D","D","D","D","D","D","D","D","D","D","D","D","D","C","C+","C","D","D","D","B","C+","C-","C-","C-","C-","C-","C-","A","N","N","N","N","N","N","N","N","C","D","D","D","D","D","D","C","D","D","D","D","D","D","D","D","D","D","D","D"
"40","mencon3","D","D","D","D","D","D","D","D","D","D","D","D","D","D","D","D","D","C","C","C","C","C","C","C","C","C","C","C","C","C","C","C","N","N","N","N","N","N","N","N","C","C","C","C","C","C","C","C","C","C","C","C","C","C","C","C","C","C","C","C"
"41","malaria","E","D","D","C","A+","D","D-","D","D","D","D","D-","D","D","D","D","D","D","C+","C-","C-","C-","D","D","D","C-","C-","C-","C","C-","C-","C-","C-","D","D","D","D","N","N","N","D","D","D","D","D","D","D","D","D","D","C","D","D","D","D","D","D","D","D","D"
"42","malarneg","B","B","B","B","D","B","C","C","C","C","B+","B+","D","D","D","D","D","D","A-","B+","B","B","B+","B","B","B","B","B","B","B","B","C","D","D","D","D","D","N","N","N","B","B","B","B","B","B","B","B","B","B","B","B","B","B","B","B","B","B","B","B"
"43","fever","A","A","B+","C","A+","A","A+","B+","B+","B+","A+","A","C","C","C","C","C","C-","C","C","C","C+","C+","C+","C+","D","D","A-","C","C","C","C","D","D","D","A","A","C","N","N","C","D","D","D","D","C","D","D","D","D","D","C","B","C","C","C","A","C","C","C"
"44","ac_fever","A+","A+","C","B+","I","A","A+","A-","C","C","I","A+","B","B","B","B","B","B","C","C","C","B","B","B","B","C","D","A-","C","B","C","B","D","D","D","A","A","D","N","N","B+","B","B","D","D","C","D","D","D","D","D","A","A","B","B+","B","A+","B","B","C"
"45","ch_fever","C","C","A-","B-","B-","B-","C","B+","A","A","B","A-","B","B","B","B","B","B","B","B","B","B","B","B","B","C","C","B","B","B","B","B","B","D","D","B","B","N","N","N","D","D","D","D","D","D","D","D","D","D","D","C","C","C","C","C","C","C","C","C"
"46","night_sw","C-","C-","C+","D","C+","D","D","D","A","D","D","D","B","B","B","B","B","B","C-","C-","C-","C-","C-","C-","C-","C-","C-","C-","C-","C-","C-","C-","N","N","N","D","D","N","N","N","D","D","D","D","D","C-","D","C-","D","D","D","D","C","D","D","D","C","D","D","D"
"47","cough","B-","A","A","C","A-","A-","C","C","A+","A+","C","B","D","D","A","C-","D","B","A","B","C","C","B","C","A-","I","C","C","C","C","C","B","D","D","B-","A","D","C","N","N","D","D","D","D","D","D","D","D","D","D","D","C","C","C","C","C","C","C","C","C"
"48","ac_cough","B-","A+","C","B","A-","A-","D","C","C","A-","C","B+","B+","C","C","B+","C","C","A","C","B+","A-","C","A-","B+","B","A+","B+","B+","B+","B+","B+","D","D","C-","B+","D","C","N","N","D","D","D","D","D","D","D","D","D","D","D","D","D","D","D","D","C","D","D","D"
"49","ch_cough","D","C","A-","C","C","C","D","C","A+","A+","D","B+","B-","B-","A","B-","B-","B","B","B+","B","B","B","B+","A-","I","B","B","B","B","B","B","D","D","D","C","D","N","N","N","D","D","D","D","D","D","D","D","D","D","D","D","D","D","D","D","D","C","D","D"
"50","pr_cough","D","A","B","C","C","C+","D","C","A","A","D","B-","B-","B","B","B-","B","B-","B-","C","B-","B","C","C","C","A+","A-","B-","B-","B-","B-","B-","D","D","D","N","N","D","N","N","D","D","D","D","D","D","D","D","D","D","D","D","D","D","D","D","D","D","D","D"
"51","bl_cough","D","C","B-","D-","D-","D-","D-","D-","A","D-","C+","D","C+","B","A","C+","B","B-","C+","C","C+","C+","C","C+","C","B-","C+","C+","C+","C+","C+","C+","D","D","D","D","D","D","N","N","B","B","C","D","D","D","D","C+","D","D","D","D","D","D","D","D","D","D","D","D"
"52","whoop","E","E","E","E","E","E","E","E","E","I","E","E","D","D","D","D","D","D","D","D","D","D","D","D","D","D","D","D","D","D","D","D","N","N","N","N","N","N","N","N","D","D","D","D","D","D","D","D","D","D","D","D","D","D","D","D","D","D","D","D"
"53","breath","D","A+","B+","D","A-","A-","C","D","A+","A+","C","B","C","C","A","B","C","B","A-","C","C","C","C","C","B","A+","A+","C","C","C","C","B","C","C","A+","A","D","B","N","N","C","C","D","C","C","A-","C","C","D","D","D","C","C","C","C","C","C","B","C","C"
"54","rapid_br","C","A+","B","D","A-","A-","B+","B+","B","B","B+","B+","D","D","D","B","C","D","B","B","C-","C","C+","C-","C","B","C","C","C","C","C","C","B","D","B","A","D","D","N","N","D","D","D","D","C","C","D","C","D","D","D","D","D","D","D","D","D","D","D","D"
"55","ac_rpbr","B-","A","D","D","A-","A-","B+","D","D","C","D","B+","D","D","D","B","C","D","B+","B","D","C","B","C-","B","B","B","C","C","C","C","C","B","D","B","A","D","D","N","N","D","D","D","D","C","C","D","C","D","D","D","D","D","D","D","D","D","D","D","D"
"56","ch_rpbr","D","B","B+","D","D","D","E","C","C","B","C","C","D","D","D","B","C","D","B-","C+","C-","D","C","D-","B+","B","D","C","C","C","C","C","C","D","N","N","N","D","N","N","D","D","D","D","D","D","D","D","D","D","D","D","D","D","D","D","D","D","D","D"
"57","br_less","B","A","B","D","B+","B","B","B","A+","B","C","B+","B","B","A","B","B","B","B","C+","C","B","C","C","B","I","B","C","C","C","C","C","C","D","A","A","D","D","N","N","C","C","C","C","C","C","D","C","D","D","D","C","C","C","C","C","C","C","C","C"
"58","ac_brl","B","A","D","D","B+","B","B","B","C","C","C","B+","B","B","A-","B+","B","B","A-","C+","D","B+","C+","B-","B-","D","B+","D","D","D","D","D","C","D","A","A","D","D","N","N","D","D","D","D","C","C","D","C","D","D","D","C","C","C","C+","C","C","B","C","C"
"59","ch_brl","C","C","B+","D","D","D","E","D","A+","B","D","C","D","D","A+","D","D","C","B","C+","C","D","C-","D","B+","I","D","D","D","D","D","C","C","D","N","N","N","D","N","N","D","D","D","D","D","D","D","D","D","D","D","C","C","C","C","C","C","B-","C","C"
"60","exert_br","C","C","C+","D","D","D","D","D","C+","D-","D","D","C","C","A-","C","C","C+","C","C","C","B","B","C","A+","I","A","C","C","C","C","C","D","D","N","N","N","D","N","N","D","D","D","D","D","D","D","D","D","D","D","D","D","D","C+","D","C","C+","D","D"
"61","lying_br","C","C","C","D","D","D","D","D","C","D-","D","D","C","C","A-","C","C","C","C","C","C","B","C","C","A+","A+","A+","C","C","C","C","C","D","D","N","N","N","D","N","N","D","D","D","D","D","D","D","D","D","D","D","D","D","D","C","D","C","C+","D","D"
"62","chest_in","C","A","C-","D","D","D","D","D","C-","C","D","C-","N","N","N","N","N","N","C-","C-","C-","C-","C-","C-","C-","C-","C-","C-","C-","C-","C-","C-","C-","C-","B","A","B","C+","N","N","D","D","D","D","D","D","D","D","D","D","D","D","D","D","D","D","D","D","D","D"
"63","wheeze","C","C","C","D","C+","D","D","D","C","B","C","B","C","C","A","C","C","C","C","C","C","D","C","C","D","A","I","C","C","C","C","C","C","C","C-","A","C","B","N","N","D","D","D","D","D","D","D","D","D","D","D","D","D","D","D","D","D","D","D","D"
"64","ch_pain","B","B","C+","D","B","B","C","B","B","B","B","C","B","B-","A","B","B-","B+","C","B-","C","A+","B+","C","A-","D","D","D","D","D","D","B","D","N","N","N","N","N","N","N","B+","B+","C","D","C","C","C","D","D","D","D","D","D","D","D","D","D","C","D","D"
"65","yellow","C","C","C","C","B","C","C","C","C","C","C","B","C","A","B","C","C","A","C","B-","C","D","B+","D","D","D","D","C+","A+","C","D","C","C","B-","C-","C","C","C-","D","D","D","D","D","D","D","D","D","C","D","D","D","C","C","C","C","C","B","C","C","C"
"66","diarr","C","C","A-","I","C","B","C","C","C","C","C","B","C","A-","D","C","A","B","C","A","C","C","C","C","C","C","C","B","B","C","C","A","C","C","C","C","C","C+","N","N","C","C","C","C","C","C","C","B","C","C","C","C","C","C","C","C","C","C","C","C"
"67","ac_diarr","C","C","C+","I","B","B","C","C","C","C","B","B-","B-","A-","E","C+","C+","C","B-","B","B","C","B","B+","C","C","B-","B+","B-","B-","B+","C","B-","C","C","B+","B+","C-","N","N","C","C-","C-","C-","C-","C+","C","C+","C","C","C","C","C","C","C","C","C","C","C","C"
"68","pe_diarr","C","C","B-","I","C","C","C","C","C","C","D","B-","B-","A-","D","C+","C+","C","B-","A-","B-","C","B-","B-","C","C","B-","B","B-","B-","B-","B+","B-","C","D","B-","B-","N","N","N","C","C","C","C","C","C","C","C","C","C","C","C","C","C","C","C","C","C","C","C"
"69","ch_diarr","C","C","A","I","C","C","C","C","C","C","D","B","B","A","D","C+","C+","C","B","A","B","C","B","B","C","C","B","B+","B","B","B","B+","B","C","D","B","B","N","N","N","C","C","C","C","C","C","C","C","C","C","C","C","C","C","C","C","C","C","C","C"
"70","bl_diarr","C","C","C+","I","C","C","C","C","C","C","B","D","C","A-","D","C","C","C","C","C","C","C","C","C","C","C","C","B","C","C","C","C","D","D","D","D","D","C-","N","N","D","D","D","D","D","D","D","D","D","D","D","D","D","D","D","D","D","D","D","D"
"71","vomiting","A-","A-","A-","A","A-","B","A","B+","B+","A+","A-","A-","B+","A-","C","B+","B","B+","B+","C","B+","A-","B+","A-","B+","C","B+","A-","A-","C","C","B+","B+","C","C","B+","B+","C","N","N","B","B","B","B","D","B","D","A","B+","B+","A-","B","B","B","B","B","B-","B","B","B"
"72","bl_vomit","D","D","C","C","C","C","C","C","C","C","A","C","C","A-","C","C","C","C","C","D","C","C","C","C","C","C","C","B","B","D","D","B","D","D","D","D","D","D","N","N","C","C","D","D","D","D","D","D","D","D","D","D","D","D","D","D","D","D","D","D"
"73","abdom","C","D","C","A","C","C","C","C","D","C","C","B","C","A","C","C","A","B+","C","C","C","C","C","C","C","D","C","I","A","A","C","B+","C","D","D","D","D","B","N","N","C","C","C","C","C","C","C","C","C","C","B","A","A","C","C","C","A","C","A","A+"
"74","abd_pain","C","D","B-","A","A-","B","C","B+","D","B+","A","A-","C","A","D","B","A+","C","B","A-","B","B","B+","B","C","D","C","A+","A","A-","C","B","D","N","N","N","N","N","N","N","B","B","C","D","D","B","D","A-","B","B","B","A+","A+","B-","B","A+","B+","B-","A+","A"
"75","ac_abdp","B","D","B-","A+","A","B","C","B-","D","D","A","B+","C+","B","D","D","B","B","B","B","B-","B+","B","B","C","D","C","I","B+","A","C","C","D","N","N","N","N","N","N","N","B+","B+","B","D","D","B","D","A","B","B","B","A+","A+","B-","B+","A+","A-","B-","A+","A+"
"76","ch_abdp","D","D","B-","C","C","C","C","C","D","D","C","C","D","A+","D","D","A+","D","B","A-","B","C","A-","C","C","D","D","A-","A","B","C","B","D","N","N","N","N","N","N","N","D","D","D","D","D","D","D","D","C","C","B","C","C","B-","C","D","C","C","C","C"
"77","swe_abd","D","D","C","B","C+","C","D","C","D","D","B","C","D","B","D","C","B","C","C","C","C","D","C","D","D","D","D","A","A-","C","D","C","C","D","D","D","D","C","D","D","D","D","D","D","D","D","D","D","D","D","D","B","B+","D","C","C","C","D","C","C"
"78","ac_swab","D","D","C-","B","C","C","D","D","D","D","B","C","D","C","D","D","C","D","C","B+","C","D","C","D","D","D","D","A","B","C","D","D","D","C","D","D","D","C","D","D","D","D","D","D","D","D","D","C","D","D","D","B","B+","D","C","C","C","D","C","C"
"79","ch_swab","D","D","C+","D","C-","C","D","D","D","D","C","C","D","A","D","C","B+","B","C","C","C","D","B-","D","D","D","D","C","A-","C","D","C","C","D-","D","D","D","D","N","N","D","D","D","D","D","D","D","D","D","D","D","D","D","D","D","D","D","D","D","D"
"80","abd_mass","D","D","C+","C","C-","C-","D","D","D","D","C","C-","D","A","D","C-","A+","C","C-","C-","C-","D","C-","D","D","D","D","A-","B+","C+","D","C","C-","D","D","D","D","C","D","D","D","D","D","D","D","D","D","D","D","D","D","B","C","D","D","C","D","D","C","D"
"81","ac_abdm","D","D","C-","C","C","C-","D","D","D","D","C","C-","D","C","D","D","B","D","C-","C-","C-","D","C-","D","D","D","D","A-","B","C+","D","D","D","C","D","D","D","C","D","D","D","D","D","D","D","D","D","D","D","D","D","B","C","D","D","C","D","D","C","D"
"82","ch_abdm","D","D","B-","C","C-","C-","D","D","D","D","D","C-","D","A","D","C","A+","B","C-","C-","C-","D","C+","D","D","D","D","C","A-","C+","D","C","C-","D-","D","D","D","D","N","N","D","D","D","D","D","D","D","D","D","D","D","C","D","D","D","D","D","D","D","D"
"83","headache","A-","A-","A","A-","A+","B","A+","A-","B","B","A-","A","B","C","C","C","C","B+","A","A-","A-","A-","B","A","B","B","A-","A-","A-","A-","A","A-","B","N","N","N","N","N","N","N","B","B","B","B","B","B","B","B","B","B","B","B","B","A","B","C","B","C","C","C"
"84","skin","C","C","B","C","C","A+","B","C","C","C","B","A","C","C","D","C","C","B","C","B","A","C","C","C","B","D","C","C","C","C","C","B","C","C","D","D","D","B","N","N","D","D","D","D","A","D","D","D","D","D","B","C","C","C","C","C","C","C","C","C"
"85","skin_les","C","C","B+","C","C","C","C","C+","C","C","C","C","C","C","D","C","C","B","C","A","B+","C","C","C","C","D","C","C","C","C","C","C","C","C","D","C","C","C","D","D","B+","B+","C","D","A","C","D","C+","D","D","B+","D","D","D","D","D","D","D","D","D"
"86","sk_feet","D","D","D","D","D","D","D","D","D","D","D","C","D","D","D","D","D","D","C","B-","A+","D","C","D","D","D","D","D","D","D","D","D","D","D","D","D","D","D","D","D","D","D","D","D","D","D","D","D","D","D","D","C","C","C","C","C","C","C","C","C"
"87","rash","C","C","B","D","D","D","A","D","D","D","A","C+","D","D","D","D","D","C","C","B","C","D","C","C","C","D","C","D","C","C","D","C","D","D","D","C","C","C-","D","D","D","D","D","D","D","D","D","B+","D","D","C","D","D","D","D","D","C","D","D","D"
"88","ac_rash","B","C+","D","D","D","D","A","D","D","D","A","B-","D","D","D","D","D","D","C","B-","C","D","C","C","C","D","C","D","D","D","D","D","D","D","D","C","C","C","D","D","D","D","D","D","D","C","D","C","D","D","D","D","D","D","D","D","C","D","D","D"
"89","ch_rash","D","C-","B+","D","D","D","C","D","D","D","C","D","D","D","D","D","D","C","C","B+","C","D","B","C","C+","D","C","D","C","C","D","C","D","D","D","D","D","D","D","D","D","D","D","D","D","D","D","D","D","D","D","D","D","D","D","D","C","D","D","D"
"90","measrash","E","D","E","E","E","I","E","E","E","E","E","E","E","E","E","E","E","E","D","C+","D","E","C-","D","E","E","E","E","E","E","E","E","E","E","E","E","E","E","N","N","D","D","D","D","D","D","D","D","D","D","D","D","D","D","D","D","D","D","D","D"
"91","herpes","D","D","A","D","D","D","D","D","D","D","D","D","D","D","D","D","D","D","C-","D-","C-","C-","C-","C-","C-","D","C-","C-","C-","C-","C-","C-","D","N","N","N","N","N","N","N","D","D","D","D","D","D","D","D","D","D","D","D","D","D","D","D","D","D","D","D"
"92","stiff_neck","D","D","D","D","D","D","I","B","D","D","D","D","B","D","D","D","D","D","C-","C-","C-","C-","C-","C-","C-","D","D","D","D","D","D","D","D","N","N","N","N","N","N","N","C","C-","C-","D","D","D","D","D","C-","C-","C-","D","D","D","D","D","D","D","D","D"
"93","ac_stnk","D","D","D","D","D","D","I","A","D","D","D","C","D","D","D","D","D","D","C-","C-","C-","C-","C-","B","C-","D","D","D","D","D","D","D","D","N","N","N","N","N","N","N","C+","C","C-","D","D","D","D","D","C-","C-","C-","D","D","D","D","D","D","D","D","D"
"94","ch_stnk","D","D","D","D","D","D","C","C","D","D","D","C","B","D","D","D","D","D","C-","C-","C-","C-","C","C","C-","D","D","D","D","D","D","D","D","N","N","N","N","N","N","N","D","D","D","D","D","D","D","D","D","D","D","D","D","D","D","D","D","D","D","D"
"95","coma","B-","B-","B","B-","A-","B","A-","A-","B-","B-","A-","B","B-","B-","B-","B-","B-","B-","B","B","A+","B","B","A-","B","C","B","B","A-","A-","A-","B","B","D","D","D","D","D","N","N","B+","B","B","B","B","B","B","A-","B","B+","B+","B-","B-","B-","C+","C+","B+","C+","B-","B"
"96","co_ons","D","D","D","D","D","D","B","D","D","D","D","D","D","D","D","D","D","D","D","D","B","A","D","A","D","D","C","D","D","D","A","D","D","D","C","D","D","D","N","N","B","B","B","C","C","D","D","D","D","D","D","D","D","A","C","D","D","D","D","D"
"97","convul","B","C+","B-","C","B+","C","A-","C+","C","C","B+","B-","C","C","C","C","C","C","C","B-","B-","C","C+","B-","C","D","C+","C","C","C","I","C","C","A","B","C","C","C","N","N","C+","C+","C+","B-","C+","C+","C+","B-","C+","C","B-","D","D","A","D","D","D","D","D","C"
"98","ac_conv","B","C+","B-","C","B+","C","B","C+","C","C","B+","B","C","C","C","C","C","C","C","B","B","B","B-","B","C","D","B","C","C","C","A","C","C","A","B","C","C","C","N","N","C+","C+","C+","C+","C+","C+","C+","B-","C+","C","C","D","D","B","D","D","D","D","D","D"
"99","ch_conv","B","C+","B-","C","B+","C","A","B","C","C","C","C","C","C","C","C","C","C","C","B-","C","D","C","C","C","D","C","C","C","C","A+","C","C","B","C","C","C","C","N","N","C+","C+","C+","C+","C+","C+","C+","C","C","C","C","D","D","A+","D","D","D","D","D","D"
"100","unc_con","B","C","C","C","C","C","B","C","C","C","C","C","C","C","C","C","C","C","C","C","B","B","C","B","C","D","C","C","C","C","A","C","C","B","C","C","C","C","N","N","C+","C+","C+","C+","C+","C+","C+","C","C","C","C","D","D","A","D","D","D","D","D","D"
"101","urine","B","C","C","C","C","C","C","C","C","C","B","A","C","C","C","C","B","B","C","C","C","C","C","C","C","D","C","C","C","A+","C","B","C","D","D","D","D","B","N","N","D","D","D","D","D","D","D","D","D","D","C","C","C","C","C","C","C","C","C","C"
"102","uri_ret","C-","C-","C-","C-","C-","C-","C-","C-","C-","C-","C-","B","C-","C","C","C-","B+","C","C-","B","C-","C-","C-","C-","C-","D","C-","C-","C-","B+","C-","C-","C-","D","D","D","D","C","N","N","D","D","D","D","D","D","D","D","D","D","D","D","D","D","D","D","D","D","D","D"
"103","exc_urine","C","C","C","C","C","C","C","C","C","C","C","B","C","C-","C-","C","C-","C-","C","C","A+","C","C","C","C","D","C","C","C","D","C","C","C-","D","D","D","D","D","N","N","D","D","D","D","D","D","D","D","D","D","D","D","D","D","D","D","D","D","D","D"
"104","uri_haem","C-","C-","C","C-","C-","C-","C-","C-","C-","C-","A","C","C-","C","C","C-","B+","C+","C-","C-","C-","C-","C-","C-","C-","D","C-","C-","C-","B+","C-","C-","C-","D","D","D","D","C","N","N","D","D","D","D","D","D","D","D","D","D","D","C","C","D","C","D","C","D","C","D"
"105","wt_loss","B-","B-","A-","A+","B","B","B","A-","A","D-","A-","A-","A","A","A","A","A","A","B","I","A-","B-","A","B","D","D","D","C","B","B","C","B","B+","B+","D","C","C","D","N","N","A-","A-","A-","A-","A-","A-","A-","A-","A-","A-","A-","C","C","C","C","C","C","C","C","C"
"106","wasting","D","D","A","A-","C","B","E","D","A","E","E","E","A","A","A","A","A","A","D","I","E","D","D","C","D","D","E","E","D","D","D","C","N","N","N","E","E","N","N","N","E","E","E","E","E","E","E","E","E","E","D","E","E","E","E","E","E","E","E","D"
"107","or_cand","D","D","A-","C","D","C","D","D","D","D","C","C","C+","C","C","C","C","C+","C+","D","C+","D","D","D","D","D","D","D","D","D","C+","C+","C+","D","D","D","D","D","N","N","D","D","D","D","D","D","D","D","D","D","D","D","D","D","D","D","D","D","D","D"
"108","rigidity","D","D","D","D","D","D","C+","I","D","D","C-","C-","D","D","D","D","D","D","D","D","D","D","D","C+","D","D","D","D","D","D","C+","D","C-","D","D","D","D","D","N","N","D+","D+","D","D","D","C-","D+","C-","C-","C-","C","D","D","C","D","D","D","D","D","D"
"109","swell","D","D","C","D","D","D","D","D","C","D","D","C","A","B","C","A","A","A","C","C","D","D","D","D","D","D","D","C","B","C","D","C","C","N","N","D","D","C","N","N","C","C","C","D","D","C","D","D","D","C","B","C","C","C","C","C","C","C","C","C"
"110","swe_oral","D","D","C","D","D","D+","D","D+","D","D-","C","D","I","D","D","D","D","D","D","D","D","D","D","D","D","D","D","D","D","D","D","D","C","D","D","D","D","D","N","N","D","D","D","D","D","D","D","D","D","D","D","C","C","C","C","C","C","C","C","C"
"111","swe_neck","C+","C+","A-","D","D","C+","C+","C+","B","D-","D+","A","A","A","D","D","D","C","D","C+","D","D","D","D","D","D","D","D","D","D","D","D","C+","D","D","D+","D+","N","N","N","D","D","D","D","D","D","D","D","D","D","D","C","B","C","C","C","B","C","C","C"
"112","swe_armp","D","D","C","D+","D","D+","D","D+","C","D+","D+","D+","C","D-","C","A+","C","B","D","D+","D","D","D","D","D","D","D","D","D","D","D","D+","D","N","N","D","D","N","N","N","D","D","D","D","D","D","D","D","D","D","D","D+","D+","D+","D+","D+","D+","D+","D+","D+"
"113","swe_breast","D-","D-","D","D-","D-","D-","D-","D-","D-","D-","D-","D-","E","E","E","I","E","E","D-","D-","D-","D-","D-","D-","D-","D-","D-","D-","D","D-","D-","D-","D-","N","N","N","N","N","N","N","D","D","D","D","D","D","D","D","D","D","D","C","C","C","C","C","C","C","C","C+"
"114","swe_gen","D","D","C","D","D","D","D","C-","D+","N","C","C+","D","D-","E","D","I","D","D","D","D","D","D","D","D","D","D","D","D","D","D","D","D","N","N","N","N","N","N","N","D","D","D","D","D","D","D","D","D","D","D","C","C","C","C","C","C","C","C","C"
"115","swe_oth","C-","C-","C-","C-","C-","C-","C-","C-","C-","C-","C-","C-","C-","D","D","C-","D","D","C-","C-","C-","D","C-","D","C-","D","D","D","A-","A","D","D","D","D","D","D","D","D","N","N","D","D","D","D","D","D","D","D","D","D","D","C","C","C","C","C","C","C","C","C"
"116","swe_legs","C","C","B","C","C","C","C","C","C","C-","B-","B-","C","C","D","C","C","B-","B-","B+","B-","B-","B-","B-","A","C","B-","B-","B+","B+","B-","B-","D","D","D","D","D","D","N","N","D","D","D","D","D","D","D","D","D","D","D","C","C","A","C","B","C","C","C","C"
"117","anaemia","B","B","B-","B","B+","B","B-","B","B","B-","B","B","B-","B-","B-","B-","B-","B+","I","A","C","C","A-","C","B+","C","C","C","C","C","C","B","D","D","D","D","D","D","N","N","C+","C+","C","C","C","C","C","C","C","C","B","B","A","C","B+","C","C","I","B","C"
"118","exc_drink","C","C","C","C+","C","C","C","C","C","D","C","C","C","C-","C-","C","C-","C-","D","D","A+","D","D","D","D","D","D","D","D","D","D","D","D","D","D","D","D","N","N","N","D","D","D","D","D","D","D","D","D","D","D","D","D","D","D","D","D","D","D","D"
"119","hair","C","C","B","C+","C","C+","C","C","C","D","C","C","C","C","C","C","C","C","C","A+","C","C","C","C","C","D","C","C","C","C","C","C","D","D","D","D","D","D","N","N","D","D","D","D","C","D","D","D","D","D","D","D","D","D","D","D","D","D","D","D"
"120","paral_one","D","D","D","D","C","C","C+","C+","D","D-","D","C","C-","C-","C-","C-","C-","C","C+","C+","C+","D","C+","I","D-","D","D","D","D","D","C+","C+","C+","D","D","D","D","D","N","N","C+","C+","C+","D","D","C+","D","D","D","D","D","D","D","B","D","D","D","D","D","D"
"121","eye_sunk","B","B","B+","A-","B-","B","B-","C-","B+","C","D","B","D","D","D","D","D","D","D","A+","D","D","D","D","D","D","D","D","D","D","D","C","D","C-","C-","B","B","C-","N","N","D","D","D","D","D","D","D","D","D","D","D","D","D","D","D","D","D","D","D","D"
"122","bl_orif","D","D","C","C","D","D","D","D","D","D","A","D","B","B","D","D","D","C","C","C","D","D","C","C","D","D","D","D","D","D","D","D","D","D","D","D","D","D","N","N","C","C","C","D","D","C","C","D","C","C","C","D","D","C","D","D","D","D","D","D"
"123","vb_bet","D","D","D","D","D","D","D","D","D","D","D","D","D","D","D","D","A","D","C","D","D","D","D","D","D","D","D","D","D","D","D","D","D","N","N","N","N","N","N","N","D","D","D","D","D","D","D","D","D","D","D","C","B","D","D","D","C","D","D","D"
"124","vb_men","C","C","C","C","C","C","C","C","C","C","C","C","C","D","D","C","C","C","C","C","C","C","C","C","C","C","C","C","C","C","C","C","C","N","N","N","N","N","N","N","C","C","C","C","C","C","C","C","C","C","C","N","N","N","N","N","N","N","N","N"
"125","vb_after","C","C","C","C","C","C","C","C","C","C","C+","C","C","D","D","C","A+","C","B","C","C","C","C","C","C","C","C","C","C","C","C","C","C","N","N","N","N","N","N","N","C","C","C","C","C","C","C","C","C","C","C","N","N","N","N","N","N","N","N","N"
"126","diff_sw","C","C","C","C","C","C","C","C","C","C","C","C","B","A","C","C","C","B","C","C","C","C","C","A","C","C","C","C","C","C","C","C","C","N","N","N","N","N","N","N","C","C","C","C","C","C","C","C","C","C","C","C","C","C","C","C","C","C","C","C"
"127","not_preg","A+","A+","A+","A+","A+","A+","A+","A+","A+","A+","A+","A+","A+","A+","A+","A+","A+","A+","B","B","B","B","B","B","B","B","B","A-","B","B","B","B","N","N","N","N","N","N","N","N","A+","A+","A+","A+","A+","A+","A+","A+","A+","A+","D","E","E","N","N","N","N","N","N","N"
"128","pregnant","N","C-","C","C-","B-","C-","C-","C-","C-","D","C-","C","C","C","C","C","C","C","N","C","B","C+","B-","C","C","C-","C-","D","C","C","C","C","N","N","N","N","N","N","N","N","C-","C-","C-","C-","C-","C-","C-","C-","C-","C","D","A-","C","A-","A-","A-","C","A-","A-","A-"
"129","del_6wks","N","C-","C-","C-","B-","C-","C-","C-","C-","D-","C-","C","C","C","C","C","C","C","N","C-","B","C+","B-","C-","C","C-","C-","D","C","C-","C-","C","N","N","N","N","N","N","N","N","C-","C-","C-","C-","C-","C-","C-","C-","C-","C-","D","N","N","D","A-","B","B","A","C","A-"
"130","pend_6w","N","D","D","D","D","D","D","C","D","D-","C-","C","C","C","C","C","C","C","N","D","D","D","D","D","C","D","D","D","D","D","D","C","N","N","N","N","N","N","N","N","D","D","D","D","D","D","D","D","D","D","D","A","A","D","C","N","B","C","N","A-"
"131","first_p","N","C","C","C","C","C","C","C","C","C","C","D","D","D","D","C","D","D","C","C","C","C","C","C","C+","C","C","C","C","C","C","C","N","N","N","N","N","N","N","N","C","C","C","C","C","C","C","C","C","C","D","B+","A-","B+","B","A","B+","B","C","B"
"132","more4","N","C","C","C","C","C","C","C","C","C","C","D","C","C","C","C","C","D","C","C","C","C","C","C","C","C","C","C","C","C","C","C","N","N","N","N","N","N","N","N","C","C","C","C","C","C","C","C","C","C","D","B+","B+","A-","B+","B+","B+","B+","A","B-"
"133","cs_prev","N","C","C","C","C","C","C","C","C","C","C","D","D","D","D","C","D","D","C","C","C","C","C","C","C","C","C","C","C","C","C","C","N","N","N","N","N","N","N","N","C","C","C","C","C","C","C","C","C","C","D","B","B-","B","B","B+","C","B-","A","B-"
"134","multip","N","C","C","C","C","C","C","C","C","C","C","D","D","D","D","C","D","D","D","C","C","C","C","C","C","C","C","C","C","C","C","C","N","N","N","N","N","N","N","N","C","C","C","C","C","C","C","C","C","C","D","B-","B-","B","B","A-","B","B","A-","B-"
"135","lab_24","N","C","C","C","C","C","C","C","C","C","C","D","D","D","D","D","D","D","D","C","C","C","C","C","C","C","C","C","C","C","C","C","N","N","N","N","N","N","N","N","C","C","C","C","C","C","C","C","C","C","D","N","D","B-","B","A+","A-","B-","A","D"
"136","died_lab","N","C-","D","D","C","D","D","D","C","N","D","D","D","D","D","D","D","D","N","D","D","B","B","C","C","C","C","D","D","D","C","C","N","N","N","N","N","N","N","N","D","D","D","D","D","D","D","D","D","D","D","N","N","A-","B+","A","N","A","A+","C"
"137","death_24","N","C","C","C","C","C","C","C","C","D-","D","D","D","D","D","D","D","D","N","D","D","C","C","C","C","C","C","D","D","D","D","C","N","N","N","N","N","N","N","N","D","D","D","D","D","D","D","D","D","D","D","A-","A-","B","A+","A","D","A-","A+","B"
"138","baby_al","N","D","D","D","D","D","D","D","D","D","D","C","C","C","C","C","C","D","C","C","C","C","C","C","D","C","C","D","C","C","C","C","N","N","N","N","N","N","N","N","D","D","D","D","D","D","D","D","D","D","D","N","N","C","B","D","C","A","D","B"
"139","breast_fd","N","C","C","C","C","C","C","C","C","C","C","D","D","D","D","C","D","D","C","C","C","C","C","C","C","C","C","C","C","C","C","C","N","N","N","N","N","N","N","N","C","C","C","C","C","C","C","C","C","C","D","D","D","D","C","D","B","B","D","B"
"140","del_fac","N","C","C","C","C","C","C","C","C","C","C","D","D","D","D","D","D","D","D","C","C","C","C","C","C","C","C","C","C","C","C","C","N","N","N","N","N","N","N","N","C","C","C","C","C","C","C","C","C","C","D","N","N","B+","A-","B+","B","B+","C","A-"
"141","del_home","N","C","C","C","C","C","C","C","C","C","C","D","D","D","D","D","D","D","D","C","C","C","C","C","C","C","C","C","C","C","C","C","N","N","N","N","N","N","N","N","C","C","C","C","C","C","C","C","C","C","D","N","N","A-","A","A","A","B+","C","A-"
"142","del_else","N","C","C","C","C","C","C","C","C","C","C","D","D","D","D","D","D","D","D","C","C","C","C","C","C","C","C","C","C","C","C","C","N","N","N","N","N","N","N","N","C","C","C","C","C","C","C","C","C","C","D","N","N","A-","A","A","A","B+","C","A-"
"143","prof_ass","N","C","C","C","C","C","C","C","C","C","C","D","D","D","D","D","D","D","D","C","C","C","C","C","C","C","C","C","C","C","C","C","N","N","N","N","N","N","N","N","C","C","C","C","C","C","C","C","C","C","D","N","N","B+","A-","A-","B","B+","C","C"
"144","del_norm","N","C","C","C","C","C","C","C","C","C","C","D","D","D","D","D","D","D","D","C","C","C","C","C","C","C","C","C","C","C","C","C","N","N","N","N","N","N","N","N","C","C","C","C","C","C","C","C","C","C","D","N","N","D","B","C","B","B","B","B"
"145","del_ass","N","C","C","C","C","C","C","C","C","C","C","D","D","D","D","D","D","D","D","C","C","C","C","C","C","C","C","C","C","C","C","C","N","N","N","N","N","N","N","N","C","C","C","C","C","C","C","C","C","C","D","N","N","B-","B","A-","B+","C+","B-","C"
"146","del_cs","N","C","C","C","C","C","C","C","C","C","C","D","D","D","D","D","D","D","D","C","C","C","C","C","C","C","C","C","C","C","C","C","N","N","N","N","N","N","N","N","C","C","C","C","C","C","C","C","C","C","D","N","N","A-","B+","A-","B+","C+","C","C"
"147","baby_pos","N","C","C","C","C","C","C","C","C","C","C","D","D","D","D","D","D","D","D","C","C","C","C","C","C","C","C","C","C","C","C","C","N","N","N","N","N","N","N","N","C","C","C","C","C","C","C","C","C","C","D","N","N","C+","B","A-","B","C+","B","C"
"148","mon_early","N","C","C","C","C","C","C","C","C","C","C","C","C","C","C","C","C","C","C","C","C","C","C","C","C","C","C","C","C","C","C","C","N","N","N","N","N","N","N","N","C","C","C","C","C","C","C","C","C","C","D","N","N","B","C","D","D","D","D","D"
"149","hyster","N","C","C","C","C","C","C","C","C","C","C","D","D","D","D","D","B","D","D","C","C","C","C","C","C","C","C","C","C","C","C","C","N","N","N","N","N","N","N","N","C","C","C","C","C","C","C","C","C","C","D","N","B-","C-","B","B-","C+","D","A","D"
"150","bpr_preg","N","C","C","C","C","C","C","C","C","C","C","D","D","D","D","C","D","D","D","C","C","C","C","C+","C","C","C","C","C","C","C","C","N","N","N","N","N","N","N","N","C","C","C","C","C","C","C","C","C","C","D","B -","B-","I","B-","B-","B-","B-","D","D"
"151","fit_preg","N","C","C","C","C","C","C","C","C","C","C","D","D","D","D","C","D","D","D","C","C","C","C","C","C","C","C","C","C","C","N","C","N","N","N","N","N","N","N","N","C","C","C","C","C","C","C","C","C","C","D","C+","C+","A","C+","C+","B-","C+","D","D"
"152","vis_bl","N","C","C","C","C","C","C","C","C","C","C","D","C","C","C","C","C","D","D","C","C","C","C","C+","C","C","C","C","C","C","C+","C","N","N","N","N","N","N","N","N","C","C","C","C","C","C","C","C","C","C","D","C-","C-","A","C-","C-","B","B","D","D"
"153","bleed","N","D","D","D","D","D","D","D","D","D","C","D","D","D","D","D","D","D","D","D","D","D","C","D","D","D","D","D","D","D","D","D","N","N","N","N","N","N","N","N","D","D","D","D","D","D","D","D","D","C","D","C","C","C","I","B","D","A","A","D"
"154","e_bleed","N","D","D","D","D","D","D","D","D","D","D+","D","D","D","D","D","D+","D","D","D","D","D","C","D","D","D","D","D","D","D","D","D","N","N","N","N","N","N","N","N","D","D","D","D","D","D","D","D","D","C","D","B","B","C","A+","C","D","A","C","D"
"155","s_bleed","N","D","D","D","D","D","D","D","D","D","D+","D","D","D","D","D","D","D","D","D","D","D","C","D","D","D","D","D","D","D","D","D","N","N","N","N","N","N","N","N","D","D","D","D","D","D","D","D","D","D","D","N","N","C","A+","C","D","A","C","D"
"156","d_bleed","N","D","D","D","D","D","D","D","D","D","D+","D","D","D","D","D","D","D","D","D","D","D","C","D","D","D","D","D","D","D","D","D","N","N","N","N","N","N","N","N","D","D","D","D","D","D","D","D","D","D","D","N","N","C-","A+","A-","D","A","B","D"
"157","p_bleed","N","D","D","D","D","D","D","D","D","D","D+","D","D","D","D","D","D","D","D","D","D","D","C","D","D","D","D","D","D","D","D","D","N","N","N","N","N","N","N","N","D","D","D","D","D","D","D","D","D","D","D","N","N","D","A+","C","D","A","B","D"
"158","placent_r","N","C","C","C","C","C","C","C","C","C","C","D","D","D","D","D","D","D","D","D","D","D","D","D","D","D","D","D","D","D","D","D","N","N","N","N","N","N","N","N","D","D","D","D","D","D","D","D","D","D","D","D","C","C","A","B","B","B","B-","D"
"159","disch_sm","N","C","C","C","C","C","C","C","C","C","C","D","D","D","D","D","B","D","D","C","C","C","C","C","C","C","C","C","C","C","C","C","N","N","N","N","N","N","N","N","D","D","D","D","D","D","D","D","D","D","D","B","A","B","B","B+","A","B","D","D"
"160","term_att","N","C","C","C","C","C","C","C","C","C","C","D","D","D","D","D","D","D","D","C","C","C","C","C","C","C","C","C","C","C","C","C","N","N","N","N","N","N","N","N","D","D","D","D","D","D","D","D","D","D","D","C+","A+","C+","B","C-","C","C","C","D"
"161","abort","N","D","D","D","D","D","D","D","D","D","D","D","D","D","D","D","D","D","D","D","D","D","D","D","D","D","D","D","D","D","D","D","N","N","N","N","N","N","N","N","D","D","D","D","D","D","D","D","D","D","D","N","I","N","N","N","N","N","N","N"
"162","born_early","C","C","D","D","D","D","D","D","N","E","N","D","N","N","N","N","N","N","N","C","N","D","D","D","D","N","D","D","D","D","D","E","C","A","B","C-","B-","B","B","A","E","E","E","E","E","D","E","E","N","D","D","N","N","N","N","N","N","N","N","N"
"163","born_3437","C","C","D","D","D","C","C+","D","N","E","N","D","N","N","N","N","N","N","N","C","N","D","D","D","D","N","D","D","D","D","D","E","D","A-","B","B-","C","B","C","C","E","E","E","E","E","D","E","E","N","D","D","N","N","N","N","N","N","N","N","N"
"164","born_38","D","D","D","D","D","D","C+","D","N","E","N","D","N","N","N","N","N","N","N","D","N","D","D","D","D","N","D","D","D","D","D","E","D","B","B","C","C","D","B","B","E","E","E","E","E","D","E","E","N","D","D","N","N","N","N","N","N","N","N","N"
"165","ab_size","D","D","D","D","D","D","C","D","N","E","N","D","N","N","N","N","N","N","N","D","N","D","D","D","D","N","D","D","D","D","C","E","D","A","B","B","B","B","B","B","E","E","E","E","E","D","E","E","N","D","D","N","N","N","N","N","N","N","N","N"
"166","born_small","C","C","D","D","D","D","C","D","N","E","N","D","N","N","N","N","N","N","N","D","N","D","D","D","D","N","D","D","D","D","C","E","D","A+","B","B","B","B","B","B","E","E","E","E","E","D","E","E","N","D","D","N","N","N","N","N","N","N","N","N"
"167","born_big","C","C","D","D","D","D","C","D","N","E","N","D","N","N","N","N","N","N","N","D","N","D","D","D","D","N","D","D","D","D","D","E","D","N","D","D","D","B","B","B","E","E","E","E","E","D","E","E","N","D","D","N","N","N","N","N","N","N","N","N"
"168","twin","C","C","D","C-","D","D","C-","C-","N","E","N","D","N","N","D","D","D","D","N","D","N","D","D","D","D","N","D","D","D","D","D","E","C-","A","B+","C-","C-","D","A-","B","E","E","E","E","E","D","E","E","N","D","D","N","N","N","N","N","N","N","N","N"
"169","comdel","C","C","D","C-","D","D","C-","C","N","E","N","D","N","N","D","D","D","D","N","D","N","D","D","D","D","N","D","D","D","D","C-","E","C-","B","A","C-","B","A","A","B","E","E","E","E","E","D","E","E","N","D","D","N","N","N","N","N","N","N","N","N"
"170","cord","N","N","N","D","N","N","D","D","N","E","N","D","N","N","N","N","N","N","N","D","N","D","D","D","D","N","D","D","D","D","D","E","D","D","A","D","D","B","A","B","E","E","E","E","E","D","E","E","N","D","D","N","N","N","N","N","N","N","N","N"
"171","waters","N","N","N","C","N","N","C","C","N","E","N","D","N","N","N","N","N","N","N","D","N","D","D","D","D","N","D","D","D","D","D","E","D","D","D","B","A","B","B","B","E","E","E","E","E","D","E","E","N","D","D","N","N","N","N","N","N","N","N","N"
"172","move_lb","N","N","N","D","N","N","C","D","N","E","N","D","N","N","N","N","N","N","N","D","N","D","D","D","D","N","D","D","D","D","D","E","C","N","N","N","N","N","A+","A+","E","E","E","E","E","D","E","E","N","D","D","N","N","N","N","N","N","N","N","N"
"173","cyanosis","N","N","N","D","N","N","D","D","N","E","N","D","N","N","N","N","N","N","N","D","N","C","D","D","C","N","D","D","D","D","D","E","C-","A-","A+","C-","C-","D","A","D","E","E","E","E","E","D","E","E","N","D","D","N","N","N","N","N","N","N","N","N"
"174","baby_br","N","N","N","D","N","N","C","D","N","E","N","D","N","N","N","N","N","N","N","D","N","D","D","D","D","N","D","D","D","D","D","E","D","A-","C","B","B","B","N","N","E","E","E","E","E","D","E","E","N","D","D","N","N","N","N","N","N","N","N","N"
"175","born_nobr","N","N","N","D","N","N","D","D","N","E","N","D","N","N","N","N","N","N","N","D","N","D","D","D","D","N","D","D","D","D","D","E","C-","A-","A+","C-","C-","D","N","N","E","E","E","E","E","D","E","E","N","D","D","N","N","N","N","N","N","N","N","N"
"176","cried","N","N","N","D","N","N","D","D","N","E","N","D","N","N","N","N","N","N","N","D","N","D","D","D","D","N","D","D","D","D","D","E","D","D","B+","C","C","B","N","N","E","E","E","E","E","D","E","E","N","D","D","N","N","N","N","N","N","N","N","N"
"177","no_life","N","N","N","N","N","N","N","N","N","N","N","N","N","N","N","N","N","N","N","N","N","N","N","N","N","N","N","N","N","N","N","N","D","N","N","N","N","N","I","A","N","N","N","N","N","N","N","N","N","N","N","N","N","N","N","N","N","N","N","N"
"178","mushy","N","N","N","N","N","N","N","N","N","N","N","N","N","N","N","N","N","N","N","N","N","N","N","N","N","N","N","N","N","N","N","N","N","N","N","N","N","N","N","A+","N","N","N","N","N","N","N","N","N","N","N","N","N","N","N","N","N","N","N","N"
"179","fed_d1","N","N","N","D","N","N","B","D","N","E","N","D","N","N","N","N","N","N","N","D","N","D","D","D","D","N","D","D","D","D","D","E","D","D","D","B","B","D","N","N","E","E","E","E","E","D","E","E","N","D","D","N","N","N","N","N","N","N","N","N"
"180","st_suck","N","N","N","D","N","N","D","D","N","N","N","D","N","N","N","N","N","N","N","D","N","D","D","D","D","N","D","D","D","D","D","E","D","D","D","A","A","D","N","N","E","E","E","E","E","D","E","E","N","D","D","N","N","N","N","N","N","N","N","N"
"181","ab_posit","N","N","N","D","N","N","C","D","N","E","N","D","N","N","N","N","N","N","N","D","N","D","D","D","D","N","D","D","D","D","D","E","D","B","B","C","C","B","B","B","E","E","E","E","E","D","E","E","N","D","D","N","N","N","N","N","N","N","N","N"
"182","conv_d1","N","N","N","D","N","N","N","D","N","E","N","D","N","N","N","N","N","N","N","D","N","D","D","D","D","N","D","D","D","D","B","E","D","B","B","D","D","C","N","N","E","E","E","E","E","D","E","E","N","D","D","N","N","N","N","N","N","N","N","N"
"183","conv_d2","N","N","N","D","N","N","A","C","N","E","N","D","N","N","N","N","N","N","N","D","N","D","D","D","D","N","D","D","D","D","B","E","D","B","B","D","D","C","N","N","E","E","E","E","E","D","E","E","N","D","D","N","N","N","N","N","N","N","N","N"
"184","arch_b","N","N","N","D","N","N","B","A-","N","N","N","D","N","N","N","N","N","N","N","D","N","D","D","D","D","N","D","D","D","D","D","E","D","D","N","D","D","D","N","N","E","E","E","E","E","D","E","E","N","D","D","N","N","N","N","N","N","N","N","N"
"185","font_hi","C","C","C","C-","C","C-","A","C-","N","E","N","D","N","N","N","N","N","N","N","D","N","D","D","D","D","N","D","D","D","D","D","E","C-","D","D","D","D","D","N","N","E","E","E","E","E","D","E","E","N","D","D","N","N","N","N","N","N","N","N","N"
"186","font_lo","D","D","D","A","C","C+","D-","C","N","E","N","D","N","N","N","N","N","N","N","C+","N","D","D","D","D","N","D","D","D","D","D","E","C","C","D","D","D","C","N","N","E","E","E","E","E","D","E","E","N","D","D","N","N","N","N","N","N","N","N","N"
"187","unw_d1","N","N","N","D","N","N","N","N","N","N","N","D","N","N","N","N","N","N","N","D","N","D","D","D","D","N","D","D","D","D","D","E","D","B","C","D","D","B","N","N","N","N","N","N","N","N","N","N","N","N","N","N","N","N","N","N","N","N","N","N"
"188","unw_d2","N","N","N","N","N","N","D","N","N","N","N","N","N","N","N","N","N","N","N","D","N","D","D","D","D","N","D","D","D","D","D","E","C","B","D","C","C","B","N","N","E","E","E","E","E","D","E","E","N","D","D","N","N","N","N","N","N","N","N","N"
"189","cold","N","N","N","D","N","N","D","D","N","N","N","D","N","N","N","N","N","N","N","D","N","D","D","D","D","N","D","D","D","D","D","E","D","B","B","D","D","C","B","N","E","E","E","E","E","D","E","E","N","D","D","N","N","N","N","N","N","N","N","N"
"190","umbinf","N","N","N","D","D","D","D","A-","N","N","N","B","N","N","N","N","N","N","N","D","N","D","D","D","D","N","D","D","D","D","D","E","D","D","D","C","A","D","N","N","E","E","E","E","E","D","E","E","N","D","D","N","N","N","N","N","N","N","N","N"
"191","b_yellow","N","N","N","D","C","D","D","D","N","E","N","D","N","N","N","N","N","N","N","D","N","D","D","D","D","N","D","D","C","D","D","E","D","D","D","C","C","C","D","D","E","E","E","E","E","D","E","E","N","D","D","N","N","N","N","N","N","N","N","N"
"192","devel","C-","C-","B+","C-","C-","C-","C-","C-","D","C-","C-","D","E","E","E","E","E","E","D","B","D","D","C","D","D","N","D","D","D","D","C-","E","A","B+","C-","C-","C-","D","N","N","D","D","D","D","D","D","D","D","N","D","D","N","N","N","N","N","N","N","N","N"
"193","born_malf","E","E","E","E","E","E","E","E","E","E","E","E","E","E","E","E","E","E","E","D","D","C","D","C-","C-","N","D","D","D","D","D","E","I","B","B","C-","C-","D","A-","A-","D","D","D","D","D","D","D","D","N","C","D","N","N","N","N","N","N","N","N","N"
"194","mlf_bk","E","E","E","E","E","E","E","E","E","E","E","E","E","E","E","E","E","E","E","E","E","E","E","E","E","N","E","E","E","E","E","E","A","C","C","D","D","D","B","B","D","D","D","D","D","D","D","D","N","C","D","N","N","N","N","N","N","N","N","N"
"195","mlf_lh","E","E","E","E","E","E","E","E","E","E","E","E","E","E","E","E","E","E","E","E","E","E","E","E","E","N","E","E","E","E","E","E","A","C","C","D","D","D","B","B","D","D","D","D","D","D","D","D","N","C","D","N","N","N","N","N","N","N","N","N"
"196","mlf_sh","E","E","E","E","E","E","E","E","E","E","E","E","E","E","E","E","E","E","E","E","E","E","E","E","E","N","E","E","E","E","E","E","A","C","C","D","D","D","B","B","D","D","D","D","D","D","D","D","N","C","D","N","N","N","N","N","N","N","N","N"
"197","mttv","D","D","N","D","N","N","D","C","N","N","N","N","N","N","N","N","N","N","D","D","D","D","D","D","D","N","D","D","D","D","D","E","D","B","D","C","C","C","B","B","D","C","C","D","C","C","C","N","N","D","C","N","N","N","N","N","N","N","N","N"
"198","b_norm","N","N","N","D","N","N","D","E","N","N","N","E","N","N","N","N","N","N","N","D","N","D","D","E","D","N","E","D","D","D","D","E","E","D","E","E","E","E","D","D","E","E","E","E","E","E","E","E","N","E","E","N","N","N","N","N","N","N","N","N"
"199","b_assist","N","N","N","D","N","N","D","D","N","N","N","D","N","N","N","N","N","N","N","D","N","D","D","D","D","N","E","D","D","D","D","E","D","E","D","D","C","D","E","E","E","E","E","E","E","E","E","E","N","E","E","N","N","N","N","N","N","N","N","N"
"200","b_caes","N","N","N","D","N","N","D","D","N","N","N","D","N","N","N","N","N","N","N","D","N","D","D","D","D","N","E","D","D","D","D","E","D","E","E","D","D","D","E","E","E","E","E","E","E","E","E","E","N","E","E","N","N","N","N","N","N","N","N","N"
"201","b_first","N","N","N","D","N","N","D","E","N","N","N","E","N","N","N","N","N","N","N","D","N","D","D","D","D","N","E","D","D","D","D","E","D","D","D","D","D","D","D","D","E","E","E","E","E","E","E","E","N","E","E","N","N","N","N","N","N","N","N","N"
"202","b_more4","N","N","N","D","N","N","D","E","N","N","N","E","N","N","N","N","N","N","N","D","N","D","D","D","D","N","E","D","D","D","D","E","D","D","D","D","D","D","D","D","E","E","E","E","E","E","E","E","N","E","E","N","N","N","N","N","N","N","N","N"
"203","b_mbpr","N","N","N","D","N","N","D","E","N","N","N","E","N","N","N","N","N","N","N","D","N","D","D","D","D","N","E","D","D","D","D","E","D","D","D","E","E","D","E","D","E","E","E","E","E","E","E","E","N","E","E","N","N","N","N","N","N","N","N","N"
"204","b_msmds","N","N","N","D","N","N","D","E","N","N","N","B","N","N","N","N","N","N","N","D","N","D","D","D","D","N","E","D","D","D","D","E","D","E","D","B","A","D","E","C","E","E","E","E","E","E","E","E","N","E","E","N","N","N","N","N","N","N","N","N"
"205","b_mcon","N","N","N","D","N","N","D","E","N","N","N","E","N","N","N","N","N","N","N","D","N","D","D","D","D","N","E","D","D","D","D","E","D","D","D","D","D","D","E","D","E","E","E","E","E","E","E","E","N","E","E","N","N","N","N","N","N","N","N","N"
"206","b_mbvi","N","N","N","D","N","N","D","E","N","N","N","E","N","N","N","N","N","N","N","D","N","D","D","D","D","N","E","D","D","D","D","E","D","E","D","D","D","D","E","D","E","E","E","E","E","E","E","E","N","E","E","N","N","N","N","N","N","N","N","N"
"207","b_mvbl","N","N","N","D","N","N","D","E","N","N","N","D","N","N","N","N","N","N","N","D","N","D","D","D","D","N","E","D","D","D","D","E","D","E","D","C","C","D","E","D","E","E","E","E","E","E","E","E","N","E","E","N","N","N","N","N","N","N","N","N"
"208","b_bfac","N","N","N","D","N","N","D","E","N","N","N","E","N","N","N","N","N","N","N","D","N","D","D","D","D","N","E","D","D","D","D","E","D","E","E","E","E","E","D","D","E","E","E","E","E","E","E","E","N","E","E","N","N","N","N","N","N","N","N","N"
"209","b_bhome","N","N","N","D","N","N","D","D","N","N","N","D","N","N","N","N","N","N","N","D","N","D","D","D","D","N","E","D","D","D","D","E","D","E","D","D","D","D","D","D","E","E","E","E","E","E","E","E","N","E","E","N","N","N","N","N","N","N","N","N"
"210","b_bway","N","N","N","D","N","N","D","D","N","N","N","C","N","N","N","N","N","N","N","D","N","D","D","D","D","N","E","D","D","D","D","E","D","E","D","C","C","D","D","D","E","E","E","E","E","E","E","E","N","E","E","N","N","N","N","N","N","N","N","N"
"211","b_bprof","N","N","N","D","N","N","D","D","N","N","N","D","N","N","N","N","N","N","N","D","N","D","D","D","D","N","E","D","D","D","D","E","D","E","D","D","D","E","D","D","E","E","E","E","E","E","E","E","N","E","E","N","N","N","N","N","N","N","N","N"
"212","injury","E","E","E","E","E","E","E","E","E","E","E","E","E","E","E","E","E","E","E","E","E","E","E","E","E","E","E","E","E","E","E","E","E","E","E","E","E","E","N","N","I","I","I","I","I","I","I","I","I","I","I","E","E","E","E","E","E","E","E","E"
"213","traffic","E","E","E","E","E","E","E","E","E","E","E","E","E","E","E","E","E","E","E","E","E","E","E","E","E","E","E","E","E","E","E","E","E","E","E","E","E","E","N","N","I","D","C","C","C","N","N","N","C","C","N","E","E","E","E","E","E","E","E","E"
"214","o_trans","E","E","E","E","E","E","E","E","E","E","E","E","E","E","E","E","E","E","E","E","E","E","E","E","E","E","E","E","E","E","E","E","E","E","E","E","E","E","N","N","D","I","D","D","D","N","N","N","C","D","N","E","E","E","E","E","E","E","E","E"
"215","fall","E","E","E","E","E","E","E","E","E","E","E","E","E","E","E","E","E","E","E","E","E","E","E","C","E","E","E","E","E","E","E","E","E","E","E","E","E","E","N","N","N","N","I","C","C+","N","N","N","C","D","N","E","E","E","E","E","E","E","E","E"
"216","drown","E","E","E","E","E","E","E","E","E","E","E","E","E","E","E","E","E","E","E","E","E","E","E","E","E","E","E","E","E","E","E","E","E","E","E","E","E","E","N","N","N","N","N","I","N","N","D","N","C","D","N","E","E","E","E","E","E","E","E","E"
"217","fire","E","E","E","E","E","E","E","E","E","E","E","E","E","E","E","E","E","E","E","E","E","E","E","E","E","E","E","E","E","E","E","E","E","E","E","E","E","E","N","N","D+","D+","N","N","I","D+","N","N","N","D+","N","E","E","E","E","E","E","E","E","E"
"218","assault","E","E","E","E","E","E","E","E","E","E","E","E","E","E","E","E","E","E","E","E","E","E","E","E","E","E","E","E","E","E","E","E","E","E","E","E","E","E","N","N","E","E","N","D-","D-","N","N","N","N","I","N","E","E","E","E","E","E","E","E","E"
"219","venom","E","E","E","E","E","E","E","E","E","E","E","E","E","E","E","E","E","E","E","E","E","E","E","E","E","E","E","E","E","E","E","E","E","E","E","E","E","E","N","N","N","N","N","N","N","I","N","N","N","N","N","E","E","E","E","E","E","E","E","E"
"220","force","E","E","E","E","E","E","E","E","E","E","E","E","E","E","E","E","E","E","E","E","E","E","E","E","E","E","E","E","E","E","E","E","E","E","E","E","E","E","N","N","N","N","N","N","N","N","I","N","N","N","N","E","E","E","E","E","E","E","E","E"
"221","poison","E","E","E","E","E","E","E","E","E","E","E","E","E","E","E","E","E","E","E","E","E","E","E","E","E","E","E","E","E","E","E","E","E","E","E","E","E","E","N","N","N","N","N","N","N","N","N","I","A","N","N","E","E","E","E","E","E","E","E","E"
"222","inflict","E","E","E","E","E","E","E","E","E","E","E","E","E","E","E","E","E","E","E","E","E","E","E","E","E","E","E","E","E","E","E","E","E","E","E","E","E","E","N","N","E","N","N","N","N","N","N","N","N","I","N","E","E","E","E","E","E","E","E","E"
"223","suicide","E","E","E","E","E","E","E","E","E","E","E","E","E","E","E","E","E","E","E","E","E","E","E","E","E","E","E","E","E","E","E","E","N","N","N","N","N","N","N","N","N","N","N","N","N","N","N","N","I","N","N","E","E","N","N","N","N","N","N","N"
"224","alcohol","B+","B+","C","C","C","C","C","C","B+","D","C","B","A","A","B-","B","B-","B","C","C","B","B+","C-","B","B+","C","C","A-","A-","C","C","B","N","N","N","N","N","N","N","N","B+","B","B","B+","B","B","B","A-","B+","B+","A-","C","C","C","C","C","C","C","C","C"
"225","smoking","B+","B+","C","C","C","C","C","C","B+","D","C","B","B","B+","A","B","B+","B+","C","C","C","A-","C-","B+","A-","A+","C","C","C","C","C","B","N","N","N","N","N","N","N","N","B","B","B","B","B","B","B","B","B","B","B","C","C","C","C","C","C","C","C","C"
"226","married","C","C","C+","C","C","C-","C","C","C","C","C","D","C","C","C","C","C","D","C","C","C","C","C","C","B","C","C","C","C","C","C","C","N","N","N","N","N","N","N","N","C","C","C","C","C","C","C","C","C","C","D","A-","A-","A-","A-","A-","A-","A-","A-","A-"
"227","vaccin","B","B","A","A-","A","C","B","C","B-","D","A","A-","A","A","A","A","A","A","A","A-","A","A","A","A","A","A","A","A","A","A","A","A","A","A","A","A","A","A","N","N","A","A","A","A","A","A","A","A","A","A","A","D","D","D","D","D","D","D","D","D"
"228","treat","A","A","A","B","B","B","B","B","B","B","B","B","A","A","A","A","A","A","B","B","A","B","A","B","A","A","A","A","A","A","B","A","A","B","B","B","B","B","N","N","C","C","C","C","C","C","C","C","C","C","C","B","C","B","B","B","B","B","B","B"
"229","t_ort","C","C","B","A","B","C","C","C","C","C","B","C","D","D","D","D","D","D","D","B","D","D","D","D","D","D","D","D","D","D","D","D","D","D","D","D","D","D","N","N","D","D","D","D","D","D","D","D","D","D","D","D","D","D","D","D","D","D","D","D"
"230","t_iv","B","B","B","B","B","B","B","B","B","B","A","B","B","B","B","B","B","B","B","B","B","B","B","B","B","B","B","B","B","B","B","B","B","D","D","B","B","B","N","N","B","B","B","B","B","B","B","B","B","B","B","B","B","B","B","B","B","B","B","B"
"231","blood_tr","C","C","C","C","B","C","C","C","C","D","A","C","C","C","C","C","C","B","A","C","C","C","B+","C","C","C","C","C","C","C","C","C","N","N","N","C","C","N","N","N","B","C","C","C","C","C","C","C","C","C","B","A","A","B-","I","B+","B","I","A+","C"
"232","t_ngt","B","B","B","B","B","B","B","B","B","B","B","B","B","B","B","B","B","B","B","A","B","B","B","A","B","B","B","B","B","B","B","B","B","B","B","B","B","B","N","N","C","C","C","C","C","C","C","C","C","C","C","C","C","C","C","C","C","C","C","C"
"233","antib_i","B","B","B","C","C","C","A","C","C","A","C","A","C","C","C","C","C","C","C","C","C","C","C","C","C","C","C","C+","C","B","C","C","N","N","N","C","C","N","N","N","B","C","C","C","C","C","C","C","C","C","B","A+","A","B+","B+","A","I","B+","A","A-"
"234","surgery","D","D","C-","D","D","D","D","D","D","N","D","D","B+","B+","B+","B+","B+","B+","C-","C-","C-","C-","C-","C-","C-","C-","C-","B","C-","C-","C","C-","C","N","N","N","N","N","N","N","B","C-","C-","C-","C-","C-","C-","C-","C-","C-","B-","B","B","C","B","B","D","D","B+","D"
"235","sur_1m","D","D","D","D","D","D","D","D","D","D","D","D","B","B","B","B","B","B","C-","C-","C-","C-","C-","C-","C","C-","C-","B","C-","C-","C-","C-","C-","N","N","N","N","N","N","N","B","C-","C-","C-","C-","C-","C-","C-","C-","C-","C","B","B","C","B","B","D","D","B+","C"
"236","disch","C+","C+","A","C+","C-","C+","D","C+","C+","N","C+","C-","B+","B+","B+","B+","B+","B+","C+","C+","C+","C+","C+","B-","C+","B","D-","C+","A-","C+","B+","C+","C+","D","N","N","N","N","N","N","C+","C+","C+","C+","C+","C+","C+","C+","C+","C+","C+","C","C","C","C","C","C","C","C","C"
"237","shospf","B","B","B","B","B","B","B","B","B","B","B","B","B","B","B","B","B","B","B","B","B","B","B","B","B","B","B","B","B","B","B","B","B","B","B","B","B","B","B","B","B","B","B","B","B","B","B","B","B","B","B","B","B","B","B","B","B","B","B","B"
"238","strans","B","B","B","B","B","B","B","B","B","B","B","B","B","B","B","B","B","B","B","B","B","B","B","B","B","B","B","B","B","B","B","B","B","B","B","B","B","B","B","B","B","B","B","B","B","B","B","B","B","B","B","B","B","B","B","B","B","B","B","B"
"239","sadmit","B","B","B","B","B","B","B","B","B","B","B","B","B","B","B","B","B","B","B","B","B","B","B","B","B","B","B","B","B","B","B","B","B","B","B","B","B","B","B","B","B","B","B","B","B","B","B","B","B","B","B","B","B","B","B","B","B","B","B","B"
"240","streat","B","B","B","B","B","B","B","B","B","B","B","B","B","B","B","B","B","B","B","B","B","B","B","B","B","B","B","B","B","B","B","B","B","B","B","B","B","B","B","B","B","B","B","B","B","B","B","B","B","B","B","B","B","B","B","B","B","B","B","B"
"241","smedic","B","B","B","B","B","B","B","B","B","B","B","B","B","B","B","B","B","B","B","B","B","B","B","B","B","B","B","B","B","B","B","B","B","B","B","B","B","B","B","B","B","B","B","B","B","B","B","B","B","B","B","B","B","B","B","B","B","B","B","B"
"242","smore2","B","B","B","B","B","B","B","B","B","B","B","B","B","B","B","B","B","B","B","B","B","B","B","B","B","B","B","B","B","B","B","B","B","B","B","B","B","B","B","B","B","B","B","B","B","B","B","B","B","B","B","B","B","B","B","B","B","B","B","B"
"243","sdoubt","B","B","B","B","B","B","B","B","B","B","B","B","B","B","B","B","B","B","B","B","B","B","B","B","B","B","B","B","B","B","B","B","B","B","B","B","B","B","B","B","B","B","B","B","B","B","B","B","B","B","B","B","B","B","B","B","B","B","B","B"
"244","stradm","B","B","B","B","B","B","B","B","B","B","B","B","B","B","B","B","B","B","B","B","B","B","B","B","B","B","B","B","B","B","B","B","B","B","B","B","B","B","B","B","B","B","B","B","B","B","B","B","B","B","B","B","B","B","B","B","B","B","B","B"
"245","smobph","B","B","B","B","B","B","B","B","B","B","B","B","B","B","B","B","B","B","B","B","B","B","B","B","B","B","B","B","B","B","B","B","B","B","B","B","B","B","B","B","B","B","B","B","B","B","B","B","B","B","B","B","B","B","B","B","B","B","B","B"
"246","scosts","B","B","B","B","B","B","B","B","B","B","B","B","B","B","B","B","B","B","B","B","B","B","B","B","B","B","B","B","B","B","B","B","B","B","B","B","B","B","B","B","B","B","B","B","B","B","B","B","B","B","B","B","B","B","B","B","B","B","B","B"
